{
    "Tree": {
        "Id": 0,
        "Expanded": true,
        "Parents": [
                     {
                    "Id": 1,
                    "Expanded": false,
                    "Children": [
                                  {
                                 "Id": 2,
                                 "Expanded": true,
                                 "Children": [
                                              {
                                              "Id": 51,
                                              "Expanded": true,
                                              "Children":null
                                              },
                                              {
                                              "Id": 52,
                                              "Expanded": true,
                                              "Children":null
                                              }
                                 ]
                                  },
                                  {
                                 "Id": 3,
                                 "Expanded": true,
                                 "Children": [
                                               {
                                              "Id": 28,
                                              "Expanded": true,
                                              "Children": [
                                                            {
                                                           "Id": 29,
                                                           "Expanded": true,
                                                           "Children": null
                                                            }
                                                            ]
                                               }
                                               ]
                                  }
                                  ]
                     },
                     {
                    "Id": 4,
                    "Children": null
                     },
                     {
                    "Id": 5,
                    "Children": null
                     },
                     {
                    "Id": 6,
                    "Expanded": true,
                    "Children": [
                                  {
                                 "Id": 14,
                                 "Children": null
                                  },
                                  {
                                 "Id": 27,
                                 "Children": null
                                  }
                                  ]
                     },
                     {
                    "Id": 7,
                    "Expanded": true,
                    "Children": [
                                  {
                                  "Id": 17,
                                  "Children": null
                                  },
                                  {
                                  "Id": 18,
                                  "Children": null
                                  },
                                  {
                                  "Id": 19,
                                  "Children": null
                                  },
                                  {
                                  "Id": 20,
                                  "Children": null
                                  },
                                  {
                                  "Id": 21,
                                  "Children": null
                                  },
                                  {
                                  "Id": 22,
                                  "Children": null
                                  },
                                  {
                                  "Id": 23,
                                  "Children": null
                                  }
                                  ]
                     },
                     {
                     "Id": 8,
                     "Children": null
                     },
                     {
                     "Id": 9,
                     "Children": null
                     },
                     {
                     "Id": 10,
                     "Children": null
                     },
                     {
                     "Id": 11,
                     "Children": null
                     },
                     {
                     "Id": 12,
                     "Children": null
                     },
                     {
                     "Id": 13,
                     "Children": null
                     }
                     ]
    }
}
